Workbook

Sheet Summary
A1: Ghana Parliament AI Engagement Platform - Task Tracker
A2: Counts update automatically from the Tasks sheet.
A4: Phase | B4: Not started | C4: In progress | D4: Blocked | E4: In review | F4: Done | G4: Cancelled | H4: Total | I4: % Done
A5: Phase 0 - Alignment | B5: =COUNTIFS(Tasks!$B$2:$B$83,$A5,Tasks!$H$2:$H$83,B$4) | C5: =COUNTIFS(Tasks!$B$2:$B$83,$A5,Tasks!$H$2:$H$83,C$4) | D5: =COUNTIFS(Tasks!$B$2:$B$83,$A5,Tasks!$H$2:$H$83,D$4) | E5: =COUNTIFS(Tasks!$B$2:$B$83,$A5,Tasks!$H$2:$H$83,E$4) | F5: =COUNTIFS(Tasks!$B$2:$B$83,$A5,Tasks!$H$2:$H$83,F$4) | G5: =COUNTIFS(Tasks!$B$2:$B$83,$A5,Tasks!$H$2:$H$83,G$4) | H5: =SUM(B5:G5) | I5: =IF(H5-G5=0,0,F5/(H5-G5))
A6: Phase 1 - Foundation & Trusted Corpus | B6: =COUNTIFS(Tasks!$B$2:$B$83,$A6,Tasks!$H$2:$H$83,B$4) | C6: =COUNTIFS(Tasks!$B$2:$B$83,$A6,Tasks!$H$2:$H$83,C$4) | D6: =COUNTIFS(Tasks!$B$2:$B$83,$A6,Tasks!$H$2:$H$83,D$4) | E6: =COUNTIFS(Tasks!$B$2:$B$83,$A6,Tasks!$H$2:$H$83,E$4) | F6: =COUNTIFS(Tasks!$B$2:$B$83,$A6,Tasks!$H$2:$H$83,F$4) | G6: =COUNTIFS(Tasks!$B$2:$B$83,$A6,Tasks!$H$2:$H$83,G$4) | H6: =SUM(B6:G6) | I6: =IF(H6-G6=0,0,F6/(H6-G6))
A7: Phase 2 - Public Knowledge Access | B7: =COUNTIFS(Tasks!$B$2:$B$83,$A7,Tasks!$H$2:$H$83,B$4) | C7: =COUNTIFS(Tasks!$B$2:$B$83,$A7,Tasks!$H$2:$H$83,C$4) | D7: =COUNTIFS(Tasks!$B$2:$B$83,$A7,Tasks!$H$2:$H$83,D$4) | E7: =COUNTIFS(Tasks!$B$2:$B$83,$A7,Tasks!$H$2:$H$83,E$4) | F7: =COUNTIFS(Tasks!$B$2:$B$83,$A7,Tasks!$H$2:$H$83,F$4) | G7: =COUNTIFS(Tasks!$B$2:$B$83,$A7,Tasks!$H$2:$H$83,G$4) | H7: =SUM(B7:G7) | I7: =IF(H7-G7=0,0,F7/(H7-G7))
A8: Phase 3 - Constituency Engagement | B8: =COUNTIFS(Tasks!$B$2:$B$83,$A8,Tasks!$H$2:$H$83,B$4) | C8: =COUNTIFS(Tasks!$B$2:$B$83,$A8,Tasks!$H$2:$H$83,C$4) | D8: =COUNTIFS(Tasks!$B$2:$B$83,$A8,Tasks!$H$2:$H$83,D$4) | E8: =COUNTIFS(Tasks!$B$2:$B$83,$A8,Tasks!$H$2:$H$83,E$4) | F8: =COUNTIFS(Tasks!$B$2:$B$83,$A8,Tasks!$H$2:$H$83,F$4) | G8: =COUNTIFS(Tasks!$B$2:$B$83,$A8,Tasks!$H$2:$H$83,G$4) | H8: =SUM(B8:G8) | I8: =IF(H8-G8=0,0,F8/(H8-G8))
A9: Phase 4 - Parliamentary Operations | B9: =COUNTIFS(Tasks!$B$2:$B$83,$A9,Tasks!$H$2:$H$83,B$4) | C9: =COUNTIFS(Tasks!$B$2:$B$83,$A9,Tasks!$H$2:$H$83,C$4) | D9: =COUNTIFS(Tasks!$B$2:$B$83,$A9,Tasks!$H$2:$H$83,D$4) | E9: =COUNTIFS(Tasks!$B$2:$B$83,$A9,Tasks!$H$2:$H$83,E$4) | F9: =COUNTIFS(Tasks!$B$2:$B$83,$A9,Tasks!$H$2:$H$83,F$4) | G9: =COUNTIFS(Tasks!$B$2:$B$83,$A9,Tasks!$H$2:$H$83,G$4) | H9: =SUM(B9:G9) | I9: =IF(H9-G9=0,0,F9/(H9-G9))
A10: Phase 5 - AI Governance & Scale | B10: =COUNTIFS(Tasks!$B$2:$B$83,$A10,Tasks!$H$2:$H$83,B$4) | C10: =COUNTIFS(Tasks!$B$2:$B$83,$A10,Tasks!$H$2:$H$83,C$4) | D10: =COUNTIFS(Tasks!$B$2:$B$83,$A10,Tasks!$H$2:$H$83,D$4) | E10: =COUNTIFS(Tasks!$B$2:$B$83,$A10,Tasks!$H$2:$H$83,E$4) | F10: =COUNTIFS(Tasks!$B$2:$B$83,$A10,Tasks!$H$2:$H$83,F$4) | G10: =COUNTIFS(Tasks!$B$2:$B$83,$A10,Tasks!$H$2:$H$83,G$4) | H10: =SUM(B10:G10) | I10: =IF(H10-G10=0,0,F10/(H10-G10))
A11: Total | B11: =SUM(B5:B10) | C11: =SUM(C5:C10) | D11: =SUM(D5:D10) | E11: =SUM(E5:E10) | F11: =SUM(F5:F10) | G11: =SUM(G5:G10) | H11: =SUM(H5:H10) | I11: =IF(H11-G11=0,0,F11/(H11-G11))
A13: Other indicators
A14: Open P0 tasks (not Done/Cancelled) | B14: =COUNTIFS(Tasks!$F$2:$F$83,"P0",Tasks!$H$2:$H$83,"<>Done",Tasks!$H$2:$H$83,"<>Cancelled")
A15: Overdue tasks | B15: =COUNTIF(Tasks!$N$2:$N$83,"Yes")
A16: Tasks with no owner (not Done/Cancelled) | B16: =COUNTIFS(Tasks!$G$2:$G$83,"",Tasks!$H$2:$H$83,"<>Done",Tasks!$H$2:$H$83,"<>Cancelled")
A17: Open decisions (Decisions sheet) | B17: =COUNTIF(Decisions!$D$2:$D$14,"Open")
A19: How to use
A20: Edit the Tasks sheet columns Owner, Status, Start date, Due date, Depends on and Notes. Insert new rows inside the table so ranges stay valid.
A21: Status and Priority use dropdowns. P0 = critical path / release blocker, P1 = needed for first release, P2 = later.
A22: Overdue? flags tasks past their due date that are not Done or Cancelled. % Done excludes Cancelled tasks.
A23: Source: GHANA_PARLIAMENT_AI_PRODUCT_SCOPE.md (phases, journeys, objectives, definition of done). The proposal PDF could not be text-extracted in this session; validate tasks against it.

Sheet Tasks
A1: ID | B1: Phase | C1: Workstream | D1: Task | E1: Acceptance criteria | F1: Priority | G1: Owner | H1: Status | I1: Start date | J1: Due date | K1: Depends on | L1: Spec reference | M1: Notes | N1: Overdue?
A2: T-001 | B2: Phase 0 - Alignment | C2: Product & Governance | D2: Confirm stakeholders, roles and data owners | E2: Stakeholder register signed off by Parliament | F2: P0 | H2: Not started | L2: Sec 11 / Obj 1 | N2: =IF(AND(J2<>"",H2<>"Done",H2<>"Cancelled",J2<TODAY()),"Yes","")
A3: T-002 | B3: Phase 0 - Alignment | C3: Product & Governance | D3: Identify authoritative records source (website, Hansard repo, Alfresco, other ECM) | E3: Written decision on source of truth per record type | F3: P0 | H3: Not started | L3: Sec 13 | N3: =IF(AND(J3<>"",H3<>"Done",H3<>"Cancelled",J3<TODAY()),"Yes","")
A4: T-003 | B4: Phase 0 - Alignment | C4: Product & Governance | D4: Define who may approve content for public AI retrieval | E4: Approver roles named and documented | F4: P0 | H4: Not started | L4: Sec 13 | N4: =IF(AND(J4<>"",H4<>"Done",H4<>"Cancelled",J4<TODAY()),"Yes","")
A5: T-004 | B5: Phase 0 - Alignment | C5: Product & Governance | D5: Decide public access model (anonymous / account / hybrid) | E5: Decision recorded in ADR | F5: P0 | H5: Not started | L5: Sec 13 | N5: =IF(AND(J5<>"",H5<>"Done",H5<>"Cancelled",J5<TODAY()),"Yes","")
A6: T-005 | B6: Phase 0 - Alignment | C6: Product & Governance | D6: Define 'citizen case' vs message, petition, complaint, referral | E6: Approved domain glossary | F6: P0 | H6: Not started | L6: Sec 13 | N6: =IF(AND(J6<>"",H6<>"Done",H6<>"Cancelled",J6<TODAY()),"Yes","")
A7: T-006 | B7: Phase 0 - Alignment | C7: Product & Governance | D7: Agree phase-one languages and support levels | E7: Language list with quality/support level per language | F7: P1 | H7: Not started | L7: Sec 13 / DoD 9 | N7: =IF(AND(J7<>"",H7<>"Done",H7<>"Cancelled",J7<TODAY()),"Yes","")
A8: T-007 | B8: Phase 0 - Alignment | C8: Product & Governance | D8: Agree release thresholds (answer quality, citation completeness, latency, cost) | E8: Numeric thresholds approved | F8: P0 | H8: Not started | L8: Sec 13 | N8: =IF(AND(J8<>"",H8<>"Done",H8<>"Cancelled",J8<TODAY()),"Yes","")
A9: T-008 | B9: Phase 0 - Alignment | C9: Product & Governance | D9: Name AI incident owner and public-answering kill-switch authority | E9: Owner and runbook trigger defined | F9: P0 | H9: Not started | L9: Sec 13 | N9: =IF(AND(J9<>"",H9<>"Done",H9<>"Cancelled",J9<TODAY()),"Yes","")
A10: T-009 | B10: Phase 0 - Alignment | C10: Architecture | D10: Decide identity provider, persistence, hosting, model providers, notification channels | E10: ADRs approved for each | F10: P0 | H10: Not started | L10: Sec 11 | N10: =IF(AND(J10<>"",H10<>"Done",H10<>"Cancelled",J10<TODAY()),"Yes","")
A11: T-010 | B11: Phase 0 - Alignment | C11: Architecture | D11: Decide Alfresco role (repository vs system of record) | E11: ADR approved | F11: P0 | H11: Not started | L11: Sec 7.2 | N11: =IF(AND(J11<>"",H11<>"Done",H11<>"Cancelled",J11<TODAY()),"Yes","")
A12: T-011 | B12: Phase 0 - Alignment | C12: Architecture | D12: Confirm model hosting and data-residency constraints | E12: Constraints documented and checked against providers | F12: P0 | H12: Not started | L12: Sec 13 | N12: =IF(AND(J12<>"",H12<>"Done",H12<>"Cancelled",J12<TODAY()),"Yes","")
A13: T-012 | B13: Phase 0 - Alignment | C13: Architecture | D13: Draft versioned API contract (public vs internal surfaces, auth, errors, pagination, audit IDs) | E13: Contract reviewed and versioned (OpenAPI) | F13: P0 | H13: Not started | L13: Obj 1 | N13: =IF(AND(J13<>"",H13<>"Done",H13<>"Cancelled",J13<TODAY()),"Yes","")
... A18: T-017 | B18: Phase 0 - Alignment | C18: Delivery | D18: Freeze UI-only feature work until contract approved | E18: Freeze communicated to team | F18: P1 | H18: Not started | L18: Sec 14.1 | N18: =IF(AND(J18<>"",H18<>"Done",H18<>"Cancelled",J18<TODAY()),"Yes","")
A19: T-018 | B19: Phase 0 - Alignment | C19: Security | D19: Remove hard-coded Alfresco admin/admin credentials from AlfrescoService | E19: No credentials in frontend bundle; verified by scan | F19: P0 | H19: In review | I19: 46304 | L19: Sec 4.2 / 14.2 | M19: Browser Alfresco login (admin/admin), AlfrescoService and @alfresco/js-api removed from the admin app; repository access is now server-side only. GAP: confirm with a bundle scan after the next build. | N19: =IF(AND(J19<>"",H19<>"Done",H19<>"Cancelled",J19<TODAY()),"Yes","")
A20: T-019 | B20: Phase 1 - Foundation & Trusted Corpus | C20: Backend Platform | D20: Backend skeleton, API gateway/BFF, CORS, rate limiting | E20: Service deployed to staging with health checks | F20: P0 | H20: In review | I20: 46304 | L20: Sec 7.0 | M20: Built (NestJS). Booted the compiled server against real Postgres (scripts/smoke.mjs): helmet, CORS allow-list/deny, health, rate limit 429, request IDs, swagger off in prod all verified. Dockerfile + compose written but NOT built (no Docker here). GAP: not deployed to a staging environment. | N20: =IF(AND(J20<>"",H20<>"Done",H20<>"Cancelled",J20<TODAY()),"Yes","")
A21: T-020 | B21: Phase 1 - Foundation & Trusted Corpus | C21: Backend Platform | D21: PostgreSQL schema for core entities (Document, Chunk, Sitting, Bill, MP, Constituency, Case, Approval, AuditEvent) | E21: Migrations applied; data survives restart | F21: P0 | H21: In review | I21: 46304 | L21: Sec 7.3 | M21: Prisma schema + migrations 0001/0002 applied to a real PostgreSQL 18 in tests. GAP: restart-persistence not tested explicitly; CitizenCase etc. tables exist but have no API yet. | N21: =IF(AND(J21<>"",H21<>"Done",H21<>"Cancelled",J21<TODAY()),"Yes","")
A22: T-021 | B22: Phase 1 - Foundation & Trusted Corpus | C22: Identity & Access | D22: OIDC integration with Parliament IdP | E22: Staff login works in staging | F22: P0 | H22: In review | I22: 46304 | L22: Sec 7.2 | M22: Verified with real RS256-signed JWTs against a local JWKS server: valid ok; expired, wrong audience, wrong issuer, wrong key, alg=none, garbage all 401; inactive/unprovisioned user 403. Admin console has OIDC code+PKCE sign-in (oidc-client-ts), unit-untested. GAP: not tested against the real Parliament IdP (not chosen yet). | N22: =IF(AND(J22<>"",H22<>"Done",H22<>"Cancelled",J22<TODAY()),"Yes","")
A23: T-022 | B23: Phase 1 - Foundation & Trusted Corpus | C23: Identity & Access | D23: Backend RBAC (public, staff, MP, researcher, reviewer, admin) with constituency scoping | E23: Authorization tests cover every sensitive operation | F23: P0 | H23: In review | I23: 46304 | L23: Sec 8 | M23: Roles guard + constituency scope guard + assertConstituencyAccess; deny-by-default; denials audited. Unit tested and exercised on document/job routes. GAP: no constituency-scoped routes exist yet (cases come in Phase 3). | N23: =IF(AND(J23<>"",H23<>"Done",H23<>"Cancelled",J23<TODAY()),"Yes","")
A24: T-023 | B24: Phase 1 - Foundation & Trusted Corpus | C24: Audit & Observability | D24: Append-only audit event service with correlation IDs | E24: Every mutation emits an audit event | F24: P0 | H24: In review | I24: 46304 | L24: Sec 7.2 | M24: AuditService + @Audit interceptor (fail-closed on success), request/correlation IDs, DB triggers block UPDATE/DELETE/TRUNCATE (verified on real Postgres). GAP: not every future mutation is covered until each is decorated. | N24: =IF(AND(J24<>"",H24<>"Done",H24<>"Cancelled",J24<TODAY()),"Yes","")
A25: T-024 | B25: Phase 1 - Foundation & Trusted Corpus | C25: Audit & Observability | D25: Structured logs, metrics, tracing | E25: Dashboards and alerts live in staging | F25: P1 | H25: In review | I25: 46304 | L25: Sec 7.0 | M25: JSON request logs with request/correlation IDs; Prometheus /metrics (token protected, smoke-tested). GAP: no distributed tracing and no dashboards/alerts - needs an observability stack decision; not done. | N25: =IF(AND(J25<>"",H25<>"Done",H25<>"Cancelled",J25<TODAY()),"Yes","")
A26: T-025 | B26: Phase 1 - Foundation & Trusted Corpus | C26: Content & Ingestion | D26: Server-side Alfresco adapter | E26: Browser never calls Alfresco directly | F26: P0 | H26: In review | I26: 46304 | L26: Sec 7.0 | M26: Adapter tested over real HTTP against a local Alfresco-API stand-in: upload, download, list, sync, ticket expiry re-auth, missing node (502), unconfigured (503); browser holds no credentials. GAP: never run against a real Alfresco server. | N26: =IF(AND(J26<>"",H26<>"Done",H26<>"Cancelled",J26<TODAY()),"Yes","")
A27: T-026 | B27: Phase 1 - Foundation & Trusted Corpus | C27: Content & Ingestion | D27: Document lifecycle (draft, processing, review, approved, published, superseded, rejected) | E27: State machine enforced and tested | F27: P0 | H27: In review | I27: 46304 | L27: Obj 2 | M27: State machine enforced in service; illegal transitions return 409; unit + integration tests. | N27: =IF(AND(J27<>"",H27<>"Done",H27<>"Cancelled",J27<TODAY()),"Yes","")
A28: T-027 | B28: Phase 1 - Foundation & Trusted Corpus | C28: Content & Ingestion | D28: Text extraction/OCR, checksum, duplicate detection, quality checks | E28: Duplicate upload does not create duplicates | F28: P0 | H28: In review | I28: 46304 | L28: Journey E | M28: SHA-256 checksum, duplicate rejection (409, incl. race via unique constraint), text/PDF extraction (verified on a real PDF), quality report. GAP: no OCR; scanned PDFs are flagged only. | N28: =IF(AND(J28<>"",H28<>"Done",H28<>"Cancelled",J28<TODAY()),"Yes","")
A29: T-028 | B29: Phase 1 - Foundation & Trusted Corpus | C29: Content & Ingestion | D29: Metadata validation and review screen | E29: Stable ID, version, provenance, metadata complete | F29: P0 | H29: In review | I29: 46304 | L29: Journey E | M29: Metadata validation endpoint + approval blocked on incomplete metadata (integration tested). Admin UI shows issues in the detail row. | N29: =IF(AND(J29<>"",H29<>"Done",H29<>"Cancelled",J29<TODAY()),"Yes","")
A30: T-029 | B30: Phase 1 - Foundation & Trusted Corpus | C30: Content & Ingestion | D30: Chunking by parliamentary boundaries, embedding and vector index | E30: Re-indexing idempotent and observable | F30: P0 | H30: In review | I30: 46304 | L30: Sec 7.2 | M30: Paragraph-aware chunking with anchors, embeddings, hybrid search over published only. GAP: uses a placeholder hashing embedder, NOT a semantic model; real embedding model/vector store needs the Phase 0 ADR. | N30: =IF(AND(J30<>"",H30<>"Done",H30<>"Cancelled",J30<TODAY()),"Yes","")
... A83: T-082 | B83: Phase 5 - AI Governance & Scale | C83: Release Readiness | D83: Final audit reconstruction test (who, what source, which model, what user saw) | E83: Reconstruction succeeds for sample | F83: P0 | H83: In review | I83: 46307 | L83: DoD 7 | M83: Audit reconstruction: every grounded answer now stores the exact passages it relied on (text, SHA-256, document id, version and checksum at the time). GET /internal/ai/answers/:id/reconstruction rebuilds who asked what, what they saw, the passages and whether the documents changed since, the model/prompt/retriever (with checksums), the deployment's approval and evaluation, the document publication trail, feedback and withdrawal, and lists anything that cannot be rebuilt; a tampered snapshot is detected. POST /internal/ai/reconstruction-test reconstructs a random sample and reports exactly which answers fail and why. Console panel. Tested end to end including source change, tampering and legacy answers. GAP: 'Reconstruction succeeds for sample' is shown only on synthetic local data; it must be run on real traffic in staging. Answers stored before Phase 5 have no snapshot and fail by design (none are in production). 'Which model' is the recorded label and checksum; the provider's own model identity cannot be verified. 'What the user saw' is the stored answer text and citations, not a capture of the rendered page. Who may read stored question text (RESEARCHER/REVIEWER/ADMIN) is a provisional access decision. | N83: =IF(AND(J83<>"",H83<>"Done",H83<>"Cancelled",J83<TODAY()),"Yes","")

Sheet Decisions
A1: # | B1: Decision needed from Parliament | C1: Decision owner | D1: Status | E1: Decision / outcome | F1: Date
A2: 1 | B2: Which records are authoritative: website, Hansard repository, Alfresco, other ECM, or a combination? | D2: Open
A3: 2 | B3: Who may approve content for public AI retrieval? | D3: Open
A4: 3 | B4: Is the public service anonymous, account-based, or hybrid? | D4: Open
A5: 4 | B5: Which staff can see citizen identity and attachments? | D5: Open
A6: 5 | B6: What counts as a citizen case vs message, petition, complaint or service referral? | D6: Open
A7: 6 | B7: Which constituency lookup method is approved; how are boundary changes handled? | D7: Open
A8: 7 | B8: Which languages are production commitments in phase one? | D8: Open
A9: 8 | B9: Are MP attendance, party, contact and case data public, restricted or time-bound? | D9: Open
A10: 9 | B10: Which notification channels are required: email, SMS, WhatsApp, portal, internal task? | D10: Open
A11: 10 | B11: What retention, deletion, correction and export rules apply? | D11: Open
A12: 11 | B12: What model hosting and data-residency constraints apply? | D12: Open
A13: 12 | B13: What answer quality, citation completeness, latency and cost thresholds define release? | D13: Open
A14: 13 | B14: Who owns an AI incident and who can disable public answering? | D14: Open

Sheet Release Checklist
A1: # | B1: Production-release criterion (Definition of Done) | C1: Status | D1: Evidence / link
A2: 1 | B2: End-to-end value: cited answer from approved topic, source opened, feedback reported | C2: Not met
A3: 2 | B3: End-to-end engagement: case submitted, staff responds, citizen sees permitted status | C3: Not met
A4: 3 | B4: End-to-end content: document uploaded, approved, used by public search/answers | C4: Not met
A5: 4 | B5: End-to-end governance: AI version evaluated, approved, deployed, observed, rolled back in staging | C5: Partially met | D5: Evaluated, approved, deployed, rolled back and observed (monitoring, alerts, incidents) end to end in integration tests and the rollback drill against a local server, with a different reviewer approving. NOT in staging (none exists); real model never used; thresholds and incident owner are provisional (Decisions #11-13). See docs/AI_GOVERNANCE.md.
A6: 5 | B6: Security: no privileged credentials in frontends; authorization tests cover sensitive operations | C6: Partially met | D6: Frontends hold no repository credentials (Phase 1). Authorization matrix over every route passes (docs/SECURITY_TESTING.md). Not independently penetration tested; real identity provider and infrastructure untested; 5 backend dependency advisories open (build-time / non-production).
A7: 6 | B7: Data integrity: refresh, restart, retry, duplicate upload, failures do not lose/duplicate data | C7: Not met
A8: 7 | B8: Auditability: reconstruct who changed what, which source, which model, what user saw | C8: Partially met | D8: Reconstruction of who asked, what they saw, the exact passages and document versions, model/prompt/retriever and who approved the configuration works and is tested (docs/AI_GOVERNANCE.md). Run on synthetic local data only; answers before Phase 5 cannot be reconstructed; provider-side model identity and the rendered page are not captured.
A9: 8 | B9: Accessibility: keyboard, screen reader, responsive, contrast, clear language | C9: Not met
A10: 9 | B10: Language honesty: explicit quality level and test evidence per language | C10: Not met | D10: Phase 5 adds per-language evaluation reporting and honest refusal for unsupported languages, but there is no real-corpus evaluation for English and none for any Ghanaian language, so this is not met.
A11: 10 | B11: Operational readiness: monitoring, alerting, backups, retention, incident response, runbooks | C11: Partially met | D11: Runbooks, alert rules, a restore drill (20.6 s locally) and a sign-off checklist exist (docs/RUNBOOKS.md, DISASTER_RECOVERY.md, alerting-rules.yml, OPERATIONS_SIGNOFF.md). No named owners, no operations sign-off, alerts never fired in a real stack, no real backup restored, no external erasure ledger, nobody is paged.
